Month,Rate (%),Start Balance,Monthly Payment,Interest Paid,Principal Paid,Overpayment,End Balance,Cumulative Interest,Cumulative Principal,Total Paid To Date
1,4.3,425000,2103.2,1522.92,580.29,0,424419.71,1522.92,580.29,2103.2
2,4.3,424419.71,2103.2,1520.84,582.37,0,423837.35,3043.75,1162.65,4206.41
3,4.3,423837.35,2103.2,1518.75,584.45,0,423252.89,4562.5,1747.11,6309.61
4,4.3,423252.89,2103.2,1516.66,586.55,0,422666.35,6079.16,2333.65,8412.81
5,4.3,422666.35,2103.2,1514.55,588.65,0,422077.7,7593.72,2922.3,10516.02
6,4.3,422077.7,2103.2,1512.45,590.76,0,421486.94,9106.16,3513.06,12619.22
7,4.3,421486.94,2103.2,1510.33,592.88,0,420894.06,10616.49,4105.94,14722.43
8,4.3,420894.06,2103.2,1508.2,595.0,0,420299.06,12124.69,4700.94,16825.63
9,4.3,420299.06,2103.2,1506.07,597.13,0,419701.93,13630.76,5298.07,18928.83
10,4.3,419701.93,2103.2,1503.93,599.27,0,419102.66,15134.7,5897.34,21032.04
11,4.3,419102.66,2103.2,1501.78,601.42,0,418501.24,16636.48,6498.76,23135.24
12,4.3,418501.24,2103.2,1499.63,603.57,0,417897.67,18136.11,7102.33,25238.44
13,3.3,417897.67,1867.28,1149.22,718.06,180,416999.61,19285.33,8000.39,27285.72
14,3.3,416999.61,1867.28,1146.75,720.53,180,416099.08,20432.08,8900.92,29333.0
15,3.3,416099.08,1867.28,1144.27,723.0,180,415196.08,21576.35,9803.92,31380.27
16,3.3,415196.08,1867.28,1141.79,725.49,180,414290.59,22718.14,10709.41,33427.55
17,3.3,414290.59,1867.28,1139.3,727.98,180,413382.62,23857.44,11617.38,35474.82
18,3.3,413382.62,1867.28,1136.8,730.47,180,412472.14,24994.24,12527.86,37522.1
19,3.3,412472.14,1867.28,1134.3,732.98,180,411559.16,26128.54,13440.84,39569.37
20,3.3,411559.16,1867.28,1131.79,735.49,180,410643.68,27260.33,14356.32,41616.65
21,3.3,410643.68,1867.28,1129.27,738.01,180,409725.67,28389.6,15274.33,43663.93
22,3.3,409725.67,1867.28,1126.75,740.53,180,408805.14,29516.34,16194.86,45711.2
23,3.3,408805.14,1867.28,1124.21,743.06,180,407882.08,30640.56,17117.92,47758.48
24,3.3,407882.08,1867.28,1121.68,745.6,180,406956.48,31762.23,18043.52,49805.75
25,2.8,406956.48,1748.72,949.57,799.15,0,406157.33,32711.8,18842.67,51554.47
26,2.8,406157.33,1748.72,947.7,801.02,0,405356.31,33659.5,19643.69,53303.19
27,2.8,405356.31,1748.72,945.83,802.89,0,404553.42,34605.33,20446.58,55051.9
28,2.8,404553.42,1748.72,943.96,804.76,0,403748.67,35549.29,21251.33,56800.62
29,2.8,403748.67,1748.72,942.08,806.64,0,402942.03,36491.37,22057.97,58549.34
30,2.8,402942.03,1748.72,940.2,808.52,0,402133.51,37431.56,22866.49,60298.06
31,2.8,402133.51,1748.72,938.31,810.41,0,401323.1,38369.88,23676.9,62046.77
32,2.8,401323.1,1748.72,936.42,812.3,0,400510.81,39306.3,24489.19,63795.49
33,2.8,400510.81,1748.72,934.53,814.19,0,399696.62,40240.82,25303.38,65544.21
34,2.8,399696.62,1748.72,932.63,816.09,0,398880.53,41173.45,26119.47,67292.92
35,2.8,398880.53,1748.72,930.72,818.0,0,398062.53,42104.17,26937.47,69041.64
36,2.8,398062.53,1748.72,928.81,819.9,0,397242.63,43032.98,27757.37,70790.36
37,3.6,397242.63,1918.67,1191.73,726.94,0,396515.69,44224.71,28484.31,72709.02
38,3.6,396515.69,1918.67,1189.55,729.12,0,395786.57,45414.26,29213.43,74627.69
39,3.6,395786.57,1918.67,1187.36,731.31,0,395055.27,46601.62,29944.73,76546.35
40,3.6,395055.27,1918.67,1185.17,733.5,0,394321.77,47786.78,30678.23,78465.02
41,3.6,394321.77,1918.67,1182.97,735.7,0,393586.07,48969.75,31413.93,80383.68
42,3.6,393586.07,1918.67,1180.76,737.91,0,392848.16,50150.51,32151.84,82302.35
43,3.6,392848.16,1918.67,1178.54,740.12,0,392108.04,51329.05,32891.96,84221.01
44,3.6,392108.04,1918.67,1176.32,742.34,0,391365.7,52505.37,33634.3,86139.68
45,3.6,391365.7,1918.67,1174.1,744.57,0,390621.13,53679.47,34378.87,88058.34
46,3.6,390621.13,1918.67,1171.86,746.8,0,389874.33,54851.33,35125.67,89977.01
47,3.6,389874.33,1918.67,1169.62,749.04,0,389125.29,56020.96,35874.71,91895.67
48,3.6,389125.29,1918.67,1167.38,751.29,0,388374.0,57188.33,36626.0,93814.34
49,3.6,388374.0,1918.67,1165.12,753.54,0,387620.45,58353.46,37379.55,95733.0
50,3.6,387620.45,1918.67,1162.86,755.8,0,386864.65,59516.32,38135.35,97651.67
51,3.6,386864.65,1918.67,1160.59,758.07,0,386106.58,60676.91,38893.42,99570.33
52,3.6,386106.58,1918.67,1158.32,760.35,0,385346.23,61835.23,39653.77,101489.0
53,3.6,385346.23,1918.67,1156.04,762.63,0,384583.61,62991.27,40416.39,103407.66
54,3.6,384583.61,1918.67,1153.75,764.91,0,383818.69,64145.02,41181.31,105326.33
55,3.6,383818.69,1918.67,1151.46,767.21,0,383051.48,65296.48,41948.52,107244.99
56,3.6,383051.48,1918.67,1149.15,769.51,0,382281.97,66445.63,42718.03,109163.66
57,3.6,382281.97,1918.67,1146.85,771.82,0,381510.16,67592.48,43489.84,111082.32
58,3.6,381510.16,1918.67,1144.53,774.13,0,380736.02,68737.01,44263.98,113000.99
59,3.6,380736.02,1918.67,1142.21,776.46,0,379959.56,69879.21,45040.44,114919.65
60,3.6,379959.56,1918.67,1139.88,778.79,0,379180.78,71019.09,45819.22,116838.32
61,3.6,379180.78,1918.67,1137.54,781.12,0,378399.65,72156.64,46600.35,118756.98
62,3.6,378399.65,1918.67,1135.2,783.47,0,377616.19,73291.83,47383.81,120675.65
63,3.6,377616.19,1918.67,1132.85,785.82,0,376830.37,74424.68,48169.63,122594.31
64,3.6,376830.37,1918.67,1130.49,788.17,0,376042.2,75555.17,48957.8,124512.98
65,3.6,376042.2,1918.67,1128.13,790.54,0,375251.66,76683.3,49748.34,126431.64
66,3.6,375251.66,1918.67,1125.75,792.91,0,374458.75,77809.06,50541.25,128350.31
67,3.6,374458.75,1918.67,1123.38,795.29,0,373663.46,78932.43,51336.54,130268.97
68,3.6,373663.46,1918.67,1120.99,797.67,0,372865.79,80053.42,52134.21,132187.64
69,3.6,372865.79,1918.67,1118.6,800.07,0,372065.72,81172.02,52934.28,134106.3
70,3.6,372065.72,1918.67,1116.2,802.47,0,371263.25,82288.22,53736.75,136024.97
71,3.6,371263.25,1918.67,1113.79,804.88,0,370458.38,83402.01,54541.62,137943.63
72,3.6,370458.38,1918.67,1111.38,807.29,0,369651.09,84513.38,55348.91,139862.3
73,3.6,369651.09,1918.67,1108.95,809.71,0,368841.37,85622.34,56158.63,141780.96
74,3.6,368841.37,1918.67,1106.52,812.14,0,368029.23,86728.86,56970.77,143699.63
75,3.6,368029.23,1918.67,1104.09,814.58,0,367214.66,87832.95,57785.34,145618.29
76,3.6,367214.66,1918.67,1101.64,817.02,0,366397.63,88934.59,58602.37,147536.96
77,3.6,366397.63,1918.67,1099.19,819.47,0,365578.16,90033.78,59421.84,149455.62
78,3.6,365578.16,1918.67,1096.73,821.93,0,364756.23,91130.52,60243.77,151374.29
79,3.6,364756.23,1918.67,1094.27,824.4,0,363931.84,92224.79,61068.16,153292.95
80,3.6,363931.84,1918.67,1091.8,826.87,0,363104.97,93316.58,61895.03,155211.62
81,3.6,363104.97,1918.67,1089.31,829.35,0,362275.62,94405.9,62724.38,157130.28
82,3.6,362275.62,1918.67,1086.83,831.84,0,361443.78,95492.72,63556.22,159048.95
83,3.6,361443.78,1918.67,1084.33,834.33,0,360609.44,96577.06,64390.56,160967.61
84,3.6,360609.44,1918.67,1081.83,836.84,0,359772.61,97658.88,65227.39,162886.28
85,3.6,359772.61,1918.67,1079.32,839.35,0,358933.26,98738.2,66066.74,164804.94
86,3.6,358933.26,1918.67,1076.8,841.87,0,358091.4,99815.0,66908.6,166723.61
87,3.6,358091.4,1918.67,1074.27,844.39,0,357247.0,100889.28,67753.0,168642.27
88,3.6,357247.0,1918.67,1071.74,846.92,0,356400.08,101961.02,68599.92,170560.94
89,3.6,356400.08,1918.67,1069.2,849.46,0,355550.62,103030.22,69449.38,172479.6
90,3.6,355550.62,1918.67,1066.65,852.01,0,354698.6,104096.87,70301.4,174398.27
91,3.6,354698.6,1918.67,1064.1,854.57,0,353844.03,105160.96,71155.97,176316.93
92,3.6,353844.03,1918.67,1061.53,857.13,0,352986.9,106222.5,72013.1,178235.6
93,3.6,352986.9,1918.67,1058.96,859.7,0,352127.2,107281.46,72872.8,180154.26
94,3.6,352127.2,1918.67,1056.38,862.28,0,351264.91,108337.84,73735.09,182072.93
95,3.6,351264.91,1918.67,1053.79,864.87,0,350400.04,109391.63,74599.96,183991.59
96,3.6,350400.04,1918.67,1051.2,867.46,0,349532.58,110442.83,75467.42,185910.26
97,3.6,349532.58,1918.67,1048.6,870.07,0,348662.51,111491.43,76337.49,187828.92
98,3.6,348662.51,1918.67,1045.99,872.68,0,347789.83,112537.42,77210.17,189747.59
99,3.6,347789.83,1918.67,1043.37,875.3,0,346914.54,113580.79,78085.46,191666.25
100,3.6,346914.54,1918.67,1040.74,877.92,0,346036.62,114621.53,78963.38,193584.92
101,3.6,346036.62,1918.67,1038.11,880.56,0,345156.06,115659.64,79843.94,195503.58
102,3.6,345156.06,1918.67,1035.47,883.2,0,344272.86,116695.11,80727.14,197422.25
103,3.6,344272.86,1918.67,1032.82,885.85,0,343387.02,117727.93,81612.98,199340.91
104,3.6,343387.02,1918.67,1030.16,888.5,0,342498.51,118758.09,82501.49,201259.58
105,3.6,342498.51,1918.67,1027.5,891.17,0,341607.34,119785.59,83392.66,203178.24
106,3.6,341607.34,1918.67,1024.82,893.84,0,340713.5,120810.41,84286.5,205096.91
107,3.6,340713.5,1918.67,1022.14,896.52,0,339816.98,121832.55,85183.02,207015.57
108,3.6,339816.98,1918.67,1019.45,899.21,0,338917.76,122852.0,86082.24,208934.24
109,3.6,338917.76,1918.67,1016.75,901.91,0,338015.85,123868.75,86984.15,210852.9
110,3.6,338015.85,1918.67,1014.05,904.62,0,337111.23,124882.8,87888.77,212771.57
111,3.6,337111.23,1918.67,1011.33,907.33,0,336203.9,125894.13,88796.1,214690.23
112,3.6,336203.9,1918.67,1008.61,910.05,0,335293.85,126902.75,89706.15,216608.9
113,3.6,335293.85,1918.67,1005.88,912.78,0,334381.06,127908.63,90618.94,218527.56
114,3.6,334381.06,1918.67,1003.14,915.52,0,333465.54,128911.77,91534.46,220446.23
115,3.6,333465.54,1918.67,1000.4,918.27,0,332547.27,129912.17,92452.73,222364.89
116,3.6,332547.27,1918.67,997.64,921.02,0,331626.25,130909.81,93373.75,224283.56
117,3.6,331626.25,1918.67,994.88,923.79,0,330702.47,131904.69,94297.53,226202.22
118,3.6,330702.47,1918.67,992.11,926.56,0,329775.91,132896.79,95224.09,228120.89
119,3.6,329775.91,1918.67,989.33,929.34,0,328846.57,133886.12,96153.43,230039.55
120,3.6,328846.57,1918.67,986.54,932.13,0,327914.44,134872.66,97085.56,231958.22
121,3.6,327914.44,1918.67,983.74,934.92,0,326979.52,135856.41,98020.48,233876.88
122,3.6,326979.52,1918.67,980.94,937.73,0,326041.8,136837.34,98958.2,235795.55
123,3.6,326041.8,1918.67,978.13,940.54,0,325101.26,137815.47,99898.74,237714.21
124,3.6,325101.26,1918.67,975.3,943.36,0,324157.9,138790.77,100842.1,239632.88
125,3.6,324157.9,1918.67,972.47,946.19,0,323211.7,139763.25,101788.3,241551.54
126,3.6,323211.7,1918.67,969.64,949.03,0,322262.67,140732.88,102737.33,243470.21
127,3.6,322262.67,1918.67,966.79,951.88,0,321310.8,141699.67,103689.2,245388.87
128,3.6,321310.8,1918.67,963.93,954.73,0,320356.06,142663.6,104643.94,247307.54
129,3.6,320356.06,1918.67,961.07,957.6,0,319398.47,143624.67,105601.53,249226.2
130,3.6,319398.47,1918.67,958.2,960.47,0,318438.0,144582.87,106562.0,251144.87
131,3.6,318438.0,1918.67,955.31,963.35,0,317474.65,145538.18,107525.35,253063.53
132,3.6,317474.65,1918.67,952.42,966.24,0,316508.41,146490.6,108491.59,254982.2
133,3.6,316508.41,1918.67,949.53,969.14,0,315539.27,147440.13,109460.73,256900.86
134,3.6,315539.27,1918.67,946.62,972.05,0,314567.22,148386.75,110432.78,258819.53
135,3.6,314567.22,1918.67,943.7,974.96,0,313592.26,149330.45,111407.74,260738.19
136,3.6,313592.26,1918.67,940.78,977.89,0,312614.37,150271.23,112385.63,262656.86
137,3.6,312614.37,1918.67,937.84,980.82,0,311633.55,151209.07,113366.45,264575.52
138,3.6,311633.55,1918.67,934.9,983.76,0,310649.78,152143.97,114350.22,266494.19
139,3.6,310649.78,1918.67,931.95,986.72,0,309663.07,153075.92,115336.93,268412.85
140,3.6,309663.07,1918.67,928.99,989.68,0,308673.39,154004.91,116326.61,270331.52
141,3.6,308673.39,1918.67,926.02,992.64,0,307680.75,154930.93,117319.25,272250.18
142,3.6,307680.75,1918.67,923.04,995.62,0,306685.12,155853.97,118314.88,274168.85
143,3.6,306685.12,1918.67,920.06,998.61,0,305686.51,156774.03,119313.49,276087.51
144,3.6,305686.51,1918.67,917.06,1001.61,0,304684.91,157691.09,120315.09,278006.18
145,3.6,304684.91,1918.67,914.05,1004.61,0,303680.3,158605.14,121319.7,279924.84
146,3.6,303680.3,1918.67,911.04,1007.62,0,302672.67,159516.18,122327.33,281843.51
147,3.6,302672.67,1918.67,908.02,1010.65,0,301662.03,160424.2,123337.97,283762.17
148,3.6,301662.03,1918.67,904.99,1013.68,0,300648.35,161329.18,124351.65,285680.84
149,3.6,300648.35,1918.67,901.95,1016.72,0,299631.63,162231.13,125368.37,287599.5
150,3.6,299631.63,1918.67,898.89,1019.77,0,298611.86,163130.02,126388.14,289518.17
151,3.6,298611.86,1918.67,895.84,1022.83,0,297589.03,164025.86,127410.97,291436.83
152,3.6,297589.03,1918.67,892.77,1025.9,0,296563.13,164918.63,128436.87,293355.5
153,3.6,296563.13,1918.67,889.69,1028.98,0,295534.15,165808.32,129465.85,295274.16
154,3.6,295534.15,1918.67,886.6,1032.06,0,294502.09,166694.92,130497.91,297192.83
155,3.6,294502.09,1918.67,883.51,1035.16,0,293466.93,167578.43,131533.07,299111.49
156,3.6,293466.93,1918.67,880.4,1038.26,0,292428.67,168458.83,132571.33,301030.16
157,3.6,292428.67,1918.67,877.29,1041.38,0,291387.29,169336.11,133612.71,302948.82
158,3.6,291387.29,1918.67,874.16,1044.5,0,290342.79,170210.27,134657.21,304867.49
159,3.6,290342.79,1918.67,871.03,1047.64,0,289295.15,171081.3,135704.85,306786.15
160,3.6,289295.15,1918.67,867.89,1050.78,0,288244.37,171949.19,136755.63,308704.82
161,3.6,288244.37,1918.67,864.73,1053.93,0,287190.44,172813.92,137809.56,310623.48
162,3.6,287190.44,1918.67,861.57,1057.09,0,286133.34,173675.49,138866.66,312542.15
163,3.6,286133.34,1918.67,858.4,1060.26,0,285073.08,174533.89,139926.92,314460.81
164,3.6,285073.08,1918.67,855.22,1063.45,0,284009.63,175389.11,140990.37,316379.48
165,3.6,284009.63,1918.67,852.03,1066.64,0,282943.0,176241.14,142057.0,318298.14
166,3.6,282943.0,1918.67,848.83,1069.84,0,281873.16,177089.97,143126.84,320216.81
167,3.6,281873.16,1918.67,845.62,1073.05,0,280800.12,177935.59,144199.88,322135.47
168,3.6,280800.12,1918.67,842.4,1076.26,0,279723.85,178777.99,145276.15,324054.14
169,3.6,279723.85,1918.67,839.17,1079.49,0,278644.36,179617.16,146355.64,325972.8
170,3.6,278644.36,1918.67,835.93,1082.73,0,277561.63,180453.09,147438.37,327891.47
171,3.6,277561.63,1918.67,832.68,1085.98,0,276475.65,181285.78,148524.35,329810.13
172,3.6,276475.65,1918.67,829.43,1089.24,0,275386.41,182115.21,149613.59,331728.8
173,3.6,275386.41,1918.67,826.16,1092.51,0,274293.9,182941.37,150706.1,333647.46
174,3.6,274293.9,1918.67,822.88,1095.78,0,273198.12,183764.25,151801.88,335566.13
175,3.6,273198.12,1918.67,819.59,1099.07,0,272099.05,184583.84,152900.95,337484.79
176,3.6,272099.05,1918.67,816.3,1102.37,0,270996.68,185400.14,154003.32,339403.46
177,3.6,270996.68,1918.67,812.99,1105.67,0,269891.0,186213.13,155109.0,341322.12
178,3.6,269891.0,1918.67,809.67,1108.99,0,268782.01,187022.8,156217.99,343240.79
179,3.6,268782.01,1918.67,806.35,1112.32,0,267669.69,187829.15,157330.31,345159.45
180,3.6,267669.69,1918.67,803.01,1115.66,0,266554.04,188632.16,158445.96,347078.12
181,3.6,266554.04,1918.67,799.66,1119.0,0,265435.04,189431.82,159564.96,348996.78
182,3.6,265435.04,1918.67,796.31,1122.36,0,264312.68,190228.12,160687.32,350915.45
183,3.6,264312.68,1918.67,792.94,1125.73,0,263186.95,191021.06,161813.05,352834.11
184,3.6,263186.95,1918.67,789.56,1129.1,0,262057.84,191810.62,162942.16,354752.78
185,3.6,262057.84,1918.67,786.17,1132.49,0,260925.35,192596.8,164074.65,356671.44
186,3.6,260925.35,1918.67,782.78,1135.89,0,259789.46,193379.57,165210.54,358590.11
187,3.6,259789.46,1918.67,779.37,1139.3,0,258650.17,194158.94,166349.83,360508.77
188,3.6,258650.17,1918.67,775.95,1142.71,0,257507.45,194934.89,167492.55,362427.44
189,3.6,257507.45,1918.67,772.52,1146.14,0,256361.31,195707.41,168638.69,364346.1
190,3.6,256361.31,1918.67,769.08,1149.58,0,255211.73,196476.5,169788.27,366264.77
191,3.6,255211.73,1918.67,765.64,1153.03,0,254058.7,197242.13,170941.3,368183.43
192,3.6,254058.7,1918.67,762.18,1156.49,0,252902.21,198004.31,172097.79,370102.1
193,3.6,252902.21,1918.67,758.71,1159.96,0,251742.25,198763.02,173257.75,372020.76
194,3.6,251742.25,1918.67,755.23,1163.44,0,250578.81,199518.24,174421.19,373939.43
195,3.6,250578.81,1918.67,751.74,1166.93,0,249411.88,200269.98,175588.12,375858.09
196,3.6,249411.88,1918.67,748.24,1170.43,0,248241.46,201018.21,176758.54,377776.76
197,3.6,248241.46,1918.67,744.72,1173.94,0,247067.51,201762.94,177932.49,379695.42
198,3.6,247067.51,1918.67,741.2,1177.46,0,245890.05,202504.14,179109.95,381614.09
199,3.6,245890.05,1918.67,737.67,1180.99,0,244709.06,203241.81,180290.94,383532.75
200,3.6,244709.06,1918.67,734.13,1184.54,0,243524.52,203975.94,181475.48,385451.42
201,3.6,243524.52,1918.67,730.57,1188.09,0,242336.43,204706.51,182663.57,387370.08
202,3.6,242336.43,1918.67,727.01,1191.66,0,241144.77,205433.52,183855.23,389288.75
203,3.6,241144.77,1918.67,723.43,1195.23,0,239949.54,206156.96,185050.46,391207.41
204,3.6,239949.54,1918.67,719.85,1198.82,0,238750.73,206876.8,186249.27,393126.08
205,3.6,238750.73,1918.67,716.25,1202.41,0,237548.31,207593.06,187451.69,395044.74
206,3.6,237548.31,1918.67,712.64,1206.02,0,236342.29,208305.7,188657.71,396963.41
207,3.6,236342.29,1918.67,709.03,1209.64,0,235132.65,209014.73,189867.35,398882.07
208,3.6,235132.65,1918.67,705.4,1213.27,0,233919.39,209720.13,191080.61,400800.74
209,3.6,233919.39,1918.67,701.76,1216.91,0,232702.48,210421.88,192297.52,402719.4
210,3.6,232702.48,1918.67,698.11,1220.56,0,231481.92,211119.99,193518.08,404638.07
211,3.6,231481.92,1918.67,694.45,1224.22,0,230257.7,211814.44,194742.3,406556.73
212,3.6,230257.7,1918.67,690.77,1227.89,0,229029.81,212505.21,195970.19,408475.4
213,3.6,229029.81,1918.67,687.09,1231.58,0,227798.24,213192.3,197201.76,410394.06
214,3.6,227798.24,1918.67,683.39,1235.27,0,226562.97,213875.69,198437.03,412312.73
215,3.6,226562.97,1918.67,679.69,1238.98,0,225323.99,214555.38,199676.01,414231.39
216,3.6,225323.99,1918.67,675.97,1242.69,0,224081.3,215231.36,200918.7,416150.06
217,3.6,224081.3,1918.67,672.24,1246.42,0,222834.88,215903.6,202165.12,418068.72
218,3.6,222834.88,1918.67,668.5,1250.16,0,221584.71,216572.1,203415.29,419987.39
219,3.6,221584.71,1918.67,664.75,1253.91,0,220330.8,217236.86,204669.2,421906.05
220,3.6,220330.8,1918.67,660.99,1257.67,0,219073.13,217897.85,205926.87,423824.72
221,3.6,219073.13,1918.67,657.22,1261.45,0,217811.69,218555.07,207188.31,425743.38
222,3.6,217811.69,1918.67,653.44,1265.23,0,216546.46,219208.51,208453.54,427662.05
223,3.6,216546.46,1918.67,649.64,1269.03,0,215277.43,219858.14,209722.57,429580.71
224,3.6,215277.43,1918.67,645.83,1272.83,0,214004.6,220503.98,210995.4,431499.38
225,3.6,214004.6,1918.67,642.01,1276.65,0,212727.95,221145.99,212272.05,433418.04
226,3.6,212727.95,1918.67,638.18,1280.48,0,211447.46,221784.17,213552.54,435336.71
227,3.6,211447.46,1918.67,634.34,1284.32,0,210163.14,222418.52,214836.86,437255.37
228,3.6,210163.14,1918.67,630.49,1288.18,0,208874.97,223049.01,216125.03,439174.04
229,3.6,208874.97,1918.67,626.62,1292.04,0,207582.93,223675.63,217417.07,441092.7
230,3.6,207582.93,1918.67,622.75,1295.92,0,206287.01,224298.38,218712.99,443011.37
231,3.6,206287.01,1918.67,618.86,1299.8,0,204987.21,224917.24,220012.79,444930.03
232,3.6,204987.21,1918.67,614.96,1303.7,0,203683.5,225532.2,221316.5,446848.7
233,3.6,203683.5,1918.67,611.05,1307.61,0,202375.89,226143.25,222624.11,448767.36
234,3.6,202375.89,1918.67,607.13,1311.54,0,201064.35,226750.38,223935.65,450686.03
235,3.6,201064.35,1918.67,603.19,1315.47,0,199748.88,227353.57,225251.12,452604.69
236,3.6,199748.88,1918.67,599.25,1319.42,0,198429.46,227952.82,226570.54,454523.36
237,3.6,198429.46,1918.67,595.29,1323.38,0,197106.08,228548.11,227893.92,456442.02
238,3.6,197106.08,1918.67,591.32,1327.35,0,195778.74,229139.43,229221.26,458360.69
239,3.6,195778.74,1918.67,587.34,1331.33,0,194447.41,229726.76,230552.59,460279.35
240,3.6,194447.41,1918.67,583.34,1335.32,0,193112.09,230310.11,231887.91,462198.02
241,3.6,193112.09,1918.67,579.34,1339.33,0,191772.76,230889.44,233227.24,464116.68
242,3.6,191772.76,1918.67,575.32,1343.35,0,190429.41,231464.76,234570.59,466035.35
243,3.6,190429.41,1918.67,571.29,1347.38,0,189082.03,232036.05,235917.97,467954.01
244,3.6,189082.03,1918.67,567.25,1351.42,0,187730.61,232603.29,237269.39,469872.68
245,3.6,187730.61,1918.67,563.19,1355.47,0,186375.14,233166.49,238624.86,471791.34
246,3.6,186375.14,1918.67,559.13,1359.54,0,185015.6,233725.61,239984.4,473710.01
247,3.6,185015.6,1918.67,555.05,1363.62,0,183651.98,234280.66,241348.02,475628.67
248,3.6,183651.98,1918.67,550.96,1367.71,0,182284.27,234831.61,242715.73,477547.34
249,3.6,182284.27,1918.67,546.85,1371.81,0,180912.46,235378.47,244087.54,479466.0
250,3.6,180912.46,1918.67,542.74,1375.93,0,179536.53,235921.2,245463.47,481384.67
251,3.6,179536.53,1918.67,538.61,1380.06,0,178156.48,236459.81,246843.52,483303.33
252,3.6,178156.48,1918.67,534.47,1384.2,0,176772.28,236994.28,248227.72,485222.0
253,3.6,176772.28,1918.67,530.32,1388.35,0,175383.94,237524.6,249616.06,487140.66
254,3.6,175383.94,1918.67,526.15,1392.51,0,173991.42,238050.75,251008.58,489059.33
255,3.6,173991.42,1918.67,521.97,1396.69,0,172594.73,238572.73,252405.27,490977.99
256,3.6,172594.73,1918.67,517.78,1400.88,0,171193.85,239090.51,253806.15,492896.66
257,3.6,171193.85,1918.67,513.58,1405.08,0,169788.77,239604.09,255211.23,494815.32
258,3.6,169788.77,1918.67,509.37,1409.3,0,168379.47,240113.46,256620.53,496733.99
259,3.6,168379.47,1918.67,505.14,1413.53,0,166965.94,240618.6,258034.06,498652.65
260,3.6,166965.94,1918.67,500.9,1417.77,0,165548.17,241119.49,259451.83,500571.32
261,3.6,165548.17,1918.67,496.64,1422.02,0,164126.15,241616.14,260873.85,502489.98
262,3.6,164126.15,1918.67,492.38,1426.29,0,162699.87,242108.52,262300.13,504408.65
263,3.6,162699.87,1918.67,488.1,1430.57,0,161269.3,242596.62,263730.7,506327.32
264,3.6,161269.3,1918.67,483.81,1434.86,0,159834.45,243080.43,265165.55,508245.98
265,3.6,159834.45,1918.67,479.5,1439.16,0,158395.28,243559.93,266604.72,510164.65
266,3.6,158395.28,1918.67,475.19,1443.48,0,156951.8,244035.11,268048.2,512083.31
267,3.6,156951.8,1918.67,470.86,1447.81,0,155503.99,244505.97,269496.01,514001.98
268,3.6,155503.99,1918.67,466.51,1452.15,0,154051.84,244972.48,270948.16,515920.64
269,3.6,154051.84,1918.67,462.16,1456.51,0,152595.33,245434.64,272404.67,517839.31
270,3.6,152595.33,1918.67,457.79,1460.88,0,151134.45,245892.42,273865.55,519757.97
271,3.6,151134.45,1918.67,453.4,1465.26,0,149669.19,246345.83,275330.81,521676.64
272,3.6,149669.19,1918.67,449.01,1469.66,0,148199.53,246794.83,276800.47,523595.3
273,3.6,148199.53,1918.67,444.6,1474.07,0,146725.47,247239.43,278274.53,525513.97
274,3.6,146725.47,1918.67,440.18,1478.49,0,145246.98,247679.61,279753.02,527432.63
275,3.6,145246.98,1918.67,435.74,1482.92,0,143764.06,248115.35,281235.94,529351.3
276,3.6,143764.06,1918.67,431.29,1487.37,0,142276.68,248546.64,282723.32,531269.96
277,3.6,142276.68,1918.67,426.83,1491.83,0,140784.85,248973.47,284215.15,533188.63
278,3.6,140784.85,1918.67,422.35,1496.31,0,139288.54,249395.83,285711.46,535107.29
279,3.6,139288.54,1918.67,417.87,1500.8,0,137787.74,249813.69,287212.26,537025.96
280,3.6,137787.74,1918.67,413.36,1505.3,0,136282.44,250227.06,288717.56,538944.62
281,3.6,136282.44,1918.67,408.85,1509.82,0,134772.62,250635.9,290227.38,540863.29
282,3.6,134772.62,1918.67,404.32,1514.35,0,133258.27,251040.22,291741.73,542781.95
283,3.6,133258.27,1918.67,399.77,1518.89,0,131739.38,251440.0,293260.62,544700.62
284,3.6,131739.38,1918.67,395.22,1523.45,0,130215.93,251835.21,294784.07,546619.28
285,3.6,130215.93,1918.67,390.65,1528.02,0,128687.92,252225.86,296312.08,548537.95
286,3.6,128687.92,1918.67,386.06,1532.6,0,127155.32,252611.93,297844.68,550456.61
287,3.6,127155.32,1918.67,381.47,1537.2,0,125618.12,252993.39,299381.88,552375.28
288,3.6,125618.12,1918.67,376.85,1541.81,0,124076.31,253370.25,300923.69,554293.94
289,3.6,124076.31,1918.67,372.23,1546.44,0,122529.87,253742.47,302470.13,556212.61
290,3.6,122529.87,1918.67,367.59,1551.08,0,120978.79,254110.06,304021.21,558131.27
291,3.6,120978.79,1918.67,362.94,1555.73,0,119423.07,254473.0,305576.93,560049.94
292,3.6,119423.07,1918.67,358.27,1560.4,0,117862.67,254831.27,307137.33,561968.6
293,3.6,117862.67,1918.67,353.59,1565.08,0,116297.59,255184.86,308702.41,563887.27
294,3.6,116297.59,1918.67,348.89,1569.77,0,114727.82,255533.75,310272.18,565805.93
295,3.6,114727.82,1918.67,344.18,1574.48,0,113153.34,255877.93,311846.66,567724.6
296,3.6,113153.34,1918.67,339.46,1579.21,0,111574.13,256217.39,313425.87,569643.26
297,3.6,111574.13,1918.67,334.72,1583.94,0,109990.19,256552.12,315009.81,571561.93
298,3.6,109990.19,1918.67,329.97,1588.69,0,108401.5,256882.09,316598.5,573480.59
299,3.6,108401.5,1918.67,325.2,1593.46,0,106808.04,257207.29,318191.96,575399.26
300,3.6,106808.04,1918.67,320.42,1598.24,0,105209.8,257527.72,319790.2,577317.92
301,3.6,105209.8,1918.67,315.63,1603.04,0,103606.76,257843.35,321393.24,579236.59
302,3.6,103606.76,1918.67,310.82,1607.84,0,101998.91,258154.17,323001.09,581155.25
303,3.6,101998.91,1918.67,306.0,1612.67,0,100386.25,258460.16,324613.75,583073.92
304,3.6,100386.25,1918.67,301.16,1617.51,0,98768.74,258761.32,326231.26,584992.58
305,3.6,98768.74,1918.67,296.31,1622.36,0,97146.38,259057.63,327853.62,586911.25
306,3.6,97146.38,1918.67,291.44,1627.23,0,95519.16,259349.07,329480.84,588829.91
307,3.6,95519.16,1918.67,286.56,1632.11,0,93887.05,259635.62,331112.95,590748.58
308,3.6,93887.05,1918.67,281.66,1637.0,0,92250.04,259917.28,332749.96,592667.24
309,3.6,92250.04,1918.67,276.75,1641.91,0,90608.13,260194.03,334391.87,594585.91
310,3.6,90608.13,1918.67,271.82,1646.84,0,88961.29,260465.86,336038.71,596504.57
311,3.6,88961.29,1918.67,266.88,1651.78,0,87309.51,260732.74,337690.49,598423.24
312,3.6,87309.51,1918.67,261.93,1656.74,0,85652.77,260994.67,339347.23,600341.9
313,3.6,85652.77,1918.67,256.96,1661.71,0,83991.06,261251.63,341008.94,602260.57
314,3.6,83991.06,1918.67,251.97,1666.69,0,82324.37,261503.6,342675.63,604179.23
315,3.6,82324.37,1918.67,246.97,1671.69,0,80652.68,261750.58,344347.32,606097.9
316,3.6,80652.68,1918.67,241.96,1676.71,0,78975.97,261992.53,346024.03,608016.56
317,3.6,78975.97,1918.67,236.93,1681.74,0,77294.24,262229.46,347705.76,609935.23
318,3.6,77294.24,1918.67,231.88,1686.78,0,75607.45,262461.35,349392.55,611853.89
319,3.6,75607.45,1918.67,226.82,1691.84,0,73915.61,262688.17,351084.39,613772.56
320,3.6,73915.61,1918.67,221.75,1696.92,0,72218.69,262909.91,352781.31,615691.22
321,3.6,72218.69,1918.67,216.66,1702.01,0,70516.68,263126.57,354483.32,617609.89
322,3.6,70516.68,1918.67,211.55,1707.11,0,68809.57,263338.12,356190.43,619528.55
323,3.6,68809.57,1918.67,206.43,1712.24,0,67097.33,263544.55,357902.67,621447.22
324,3.6,67097.33,1918.67,201.29,1717.37,0,65379.96,263745.84,359620.04,623365.88
325,3.6,65379.96,1918.67,196.14,1722.53,0,63657.43,263941.98,361342.57,625284.55
326,3.6,63657.43,1918.67,190.97,1727.69,0,61929.74,264132.95,363070.26,627203.21
327,3.6,61929.74,1918.67,185.79,1732.88,0,60196.87,264318.74,364803.13,629121.88
328,3.6,60196.87,1918.67,180.59,1738.07,0,58458.79,264499.33,366541.21,631040.54
329,3.6,58458.79,1918.67,175.38,1743.29,0,56715.5,264674.71,368284.5,632959.21
330,3.6,56715.5,1918.67,170.15,1748.52,0,54966.98,264844.86,370033.02,634877.87
331,3.6,54966.98,1918.67,164.9,1753.76,0,53213.22,265009.76,371786.78,636796.54
332,3.6,53213.22,1918.67,159.64,1759.03,0,51454.2,265169.4,373545.8,638715.2
333,3.6,51454.2,1918.67,154.36,1764.3,0,49689.89,265323.76,375310.11,640633.87
334,3.6,49689.89,1918.67,149.07,1769.6,0,47920.3,265472.83,377079.7,642552.53
335,3.6,47920.3,1918.67,143.76,1774.9,0,46145.39,265616.59,378854.61,644471.2
336,3.6,46145.39,1918.67,138.44,1780.23,0,44365.16,265755.03,380634.84,646389.86
337,3.6,44365.16,1918.67,133.1,1785.57,0,42579.6,265888.12,382420.4,648308.53
338,3.6,42579.6,1918.67,127.74,1790.93,0,40788.67,266015.86,384211.33,650227.19
339,3.6,40788.67,1918.67,122.37,1796.3,0,38992.37,266138.23,386007.63,652145.86
340,3.6,38992.37,1918.67,116.98,1801.69,0,37190.68,266255.2,387809.32,654064.52
341,3.6,37190.68,1918.67,111.57,1807.09,0,35383.59,266366.78,389616.41,655983.19
342,3.6,35383.59,1918.67,106.15,1812.51,0,33571.07,266472.93,391428.93,657901.85
343,3.6,33571.07,1918.67,100.71,1817.95,0,31753.12,266573.64,393246.88,659820.52
344,3.6,31753.12,1918.67,95.26,1823.41,0,29929.72,266668.9,395070.28,661739.18
345,3.6,29929.72,1918.67,89.79,1828.88,0,28100.84,266758.69,396899.16,663657.85
346,3.6,28100.84,1918.67,84.3,1834.36,0,26266.48,266842.99,398733.52,665576.51
347,3.6,26266.48,1918.67,78.8,1839.87,0,24426.61,266921.79,400573.39,667495.18
348,3.6,24426.61,1918.67,73.28,1845.39,0,22581.23,266995.07,402418.77,669413.84
349,3.6,22581.23,1918.67,67.74,1850.92,0,20730.31,267062.81,404269.69,671332.51
350,3.6,20730.31,1918.67,62.19,1856.47,0,18873.83,267125.0,406126.17,673251.17
351,3.6,18873.83,1918.67,56.62,1862.04,0,17011.79,267181.63,407988.21,675169.84
352,3.6,17011.79,1918.67,51.04,1867.63,0,15144.16,267232.66,409855.84,677088.5
353,3.6,15144.16,1918.67,45.43,1873.23,0,13270.93,267278.09,411729.07,679007.17
354,3.6,13270.93,1918.67,39.81,1878.85,0,11392.07,267317.91,413607.93,680925.83
355,3.6,11392.07,1918.67,34.18,1884.49,0,9507.59,267352.08,415492.41,682844.5
356,3.6,9507.59,1918.67,28.52,1890.14,0,7617.44,267380.61,417382.56,684763.16
357,3.6,7617.44,1918.67,22.85,1895.81,0,5721.63,267403.46,419278.37,686681.83
358,3.6,5721.63,1918.67,17.16,1901.5,0,3820.13,267420.62,421179.87,688600.49
359,3.6,3820.13,1918.67,11.46,1907.2,0,1912.93,267432.08,423087.07,690519.16
360,3.6,1912.93,1918.67,5.74,1912.93,0,0,267437.82,425000.0,692437.82
